ENSMUSG00000100969.6	1700030N03Rik
ENSMUSG00000093983.1	Gm25431
ENSMUSG00000024831.13	Ighmbp2
ENSMUSG00000024829.12	Mrpl21
ENSMUSG00000099261.1	Mir6984
ENSMUSG00000024900.4	Cpt1a
ENSMUSG00000024905.15	Tesmin
ENSMUSG00000024907.6	Gal
ENSMUSG00000024908.15	Ppp6r3
ENSMUSG00000114315.1	Gm48696
ENSMUSG00000075908.1	Gm23940
ENSMUSG00000114302.1	Gm48683
ENSMUSG00000024913.16	Lrp5
ENSMUSG00000035372.1	1810055G02Rik
ENSMUSG00000045098.18	Kmt5b
ENSMUSG00000082848.1	Gm16066
ENSMUSG00000024843.15	Chka
ENSMUSG00000001750.15	Tcirg1
ENSMUSG00000059734.6	Ndufs8
ENSMUSG00000024885.8	Aldh3b1
ENSMUSG00000036908.16	Unc93b1
ENSMUSG00000037263.13	Aldh3b3
ENSMUSG00000075296.4	Aldh3b2
ENSMUSG00000024866.9	Acy3
ENSMUSG00000037477.7	Tbx10
ENSMUSG00000110949.1	Nudt8
ENSMUSG00000024869.10	Gm49405
ENSMUSG00000086107.1	Gm16312
ENSMUSG00000024871.10	Doc2g
ENSMUSG00000037916.13	Ndufv1
ENSMUSG00000060803.5	Gstp1
ENSMUSG00000038155.10	Gstp2
ENSMUSG00000058216.12	Gstp3
ENSMUSG00000104921.1	Gm23927
ENSMUSG00000064400.2	Gm23927
ENSMUSG00000024857.16	Cabp2
ENSMUSG00000024856.10	Cdk2ap2
ENSMUSG00000024851.13	Pitpnm1
ENSMUSG00000024847.14	Aip
ENSMUSG00000024845.17	Tmem134
ENSMUSG00000024842.7	Cabp4
ENSMUSG00000044724.8	Gpr152
ENSMUSG00000024835.14	Coro1b
ENSMUSG00000045826.8	Ptprcap
ENSMUSG00000024830.16	Rps6kb2
ENSMUSG00000075289.4	Carns1
ENSMUSG00000097233.1	Gm17552
ENSMUSG00000040247.5	Tbc1d10c
ENSMUSG00000040385.6	Ppp1ca
ENSMUSG00000024824.6	Rad9a
ENSMUSG00000040663.8	Clcf1
ENSMUSG00000093346.1	Gm26115
ENSMUSG00000024854.3	Pold4
ENSMUSG00000034616.16	Ssh3
ENSMUSG00000099290.1	Mir6985
ENSMUSG00000005986.15	Ankrd13d
ENSMUSG00000024858.13	Grk2
ENSMUSG00000054611.16	Kdm2a
ENSMUSG00000041845.10	Rhod
ENSMUSG00000087132.7	A930001C03Rik
ENSMUSG00000049303.10	Syt12
ENSMUSG00000042041.6	2010003K11Rik
ENSMUSG00000024892.16	Pcx
ENSMUSG00000045045.7	Lrfn4
ENSMUSG00000024889.4	Rce1
ENSMUSG00000098346.1	Mir6986
ENSMUSG00000071691.11	Gm960
ENSMUSG00000067889.4	Sptbn2
ENSMUSG00000096370.8	Gm21992
ENSMUSG00000033760.16	Rbm4b
ENSMUSG00000103651.1	Gm37206
ENSMUSG00000094936.7	Rbm4
ENSMUSG00000006456.10	Rbm14
ENSMUSG00000095913.1	Gm21844
ENSMUSG00000034108.5	Ccs
ENSMUSG00000067872.2	Ccdc87
ENSMUSG00000083282.2	Ctsf
ENSMUSG00000006457.3	Actn3
ENSMUSG00000006463.13	Zdhhc24
ENSMUSG00000006464.8	Bbs1
ENSMUSG00000088661.1	Gm25334
ENSMUSG00000063904.3	Dpp3
ENSMUSG00000024901.14	Peli3
ENSMUSG00000024902.4	Mrpl11
ENSMUSG00000045903.8	Npas4
ENSMUSG00000024891.5	Slc29a2
ENSMUSG00000047379.6	B4gat1
ENSMUSG00000080268.3	Brms1
ENSMUSG00000024883.7	Rin1
ENSMUSG00000056481.6	Cd248
ENSMUSG00000061451.13	Tmem151a
ENSMUSG00000024875.4	Yif1a
ENSMUSG00000024873.6	Cnih2
ENSMUSG00000024870.5	Rab1b
ENSMUSG00000024862.16	Klc2
ENSMUSG00000024855.9	Pacs1
ENSMUSG00000098803.1	Gm27468
ENSMUSG00000024853.9	Sf3b2
ENSMUSG00000047658.6	Gal3st3
ENSMUSG00000038498.3	Catsper1
ENSMUSG00000024846.5	Cst6
ENSMUSG00000024844.14	Banf1
ENSMUSG00000024841.7	Eif1ad
ENSMUSG00000039148.4	Sart1
ENSMUSG00000039330.4	Tsga10ip
ENSMUSG00000086938.8	4930481A15Rik
ENSMUSG00000051133.3	Gm6293
ENSMUSG00000024914.16	Drap1
ENSMUSG00000047423.9	AI837181
ENSMUSG00000088909.1	Gm25432
ENSMUSG00000024912.5	Fosl1
ENSMUSG00000095098.1	Ccdc85b
ENSMUSG00000024911.6	Fibp
ENSMUSG00000024910.4	Ctsw
ENSMUSG00000024909.14	Efemp2
ENSMUSG00000024906.9	Mus81
ENSMUSG00000056201.7	Cfl1
ENSMUSG00000056185.4	Snx32
ENSMUSG00000100937.1	1700020D05Rik
ENSMUSG00000109695.1	Gm31166
ENSMUSG00000024922.1	Ovol1
ENSMUSG00000049562.5	Ap5b1
ENSMUSG00000024925.10	Rnaseh2c
ENSMUSG00000024926.9	Kat5
ENSMUSG00000024927.7	Rela
ENSMUSG00000056917.12	Sipa1
ENSMUSG00000054874.12	Pcnx3
ENSMUSG00000098568.1	Mir6987
ENSMUSG00000004054.8	Map3k11
ENSMUSG00000024936.7	Kcnk7
ENSMUSG00000024937.14	Ehbp1l1
ENSMUSG00000089766.1	Gm16538
ENSMUSG00000024939.6	Fam89b
ENSMUSG00000079478.8	Sssca1
ENSMUSG00000024940.10	Ltbp3
ENSMUSG00000024941.8	Scyl1
ENSMUSG00000092341.2	Malat1
ENSMUSG00000092267.1	Gm20417
ENSMUSG00000098462.1	Gm27694
ENSMUSG00000102349.1	Gm37376
ENSMUSG00000098865.1	Gm27702
ENSMUSG00000092274.3	Neat1
ENSMUSG00000098543.1	Gm27533
ENSMUSG00000098974.1	Gm27505
ENSMUSG00000098986.1	Gm28006
ENSMUSG00000043488.5	Frmd8os
ENSMUSG00000024816.12	Frmd8
ENSMUSG00000024818.14	Slc25a45
ENSMUSG00000044390.4	Tigd3
ENSMUSG00000024826.14	Dpf2
ENSMUSG00000110156.1	Gm42067
ENSMUSG00000045664.4	Cdc42ep2
ENSMUSG00000024833.14	Pola2
ENSMUSG00000037451.7	Slc22a20
ENSMUSG00000024942.16	Capn1
ENSMUSG00000097404.1	Gm10814
ENSMUSG00000094281.1	Gm8034
ENSMUSG00000024807.17	Syvn1
ENSMUSG00000098928.1	Mir6988
ENSMUSG00000007338.9	Mrpl49
ENSMUSG00000038274.12	Fau
ENSMUSG00000075227.6	Znhit2
ENSMUSG00000024799.15	Tm7sf2
ENSMUSG00000024797.13	Vps51
ENSMUSG00000100621.1	Gm28374
ENSMUSG00000047733.10	Tmem262
ENSMUSG00000024792.8	Zfpl1
ENSMUSG00000024791.10	Cdca5
ENSMUSG00000054999.2	Naaladl1
ENSMUSG00000024790.7	Sac3d1
ENSMUSG00000024787.13	Snx15
ENSMUSG00000024944.5	Arl2
ENSMUSG00000039699.13	Batf2
ENSMUSG00000084742.1	n-R5s19
ENSMUSG00000083458.1	Gm5510
ENSMUSG00000024786.9	Majin
ENSMUSG00000024784.13	Gpha2
ENSMUSG00000024777.9	Ppp2r5b
ENSMUSG00000024773.14	Atg2a
ENSMUSG00000065582.1	Mir194-2
ENSMUSG00000065523.1	Mir192
ENSMUSG00000085196.1	Gm14963
ENSMUSG00000024772.9	Ehd1
ENSMUSG00000024769.7	Cdc42bpg
ENSMUSG00000024947.16	Men1
ENSMUSG00000024948.14	Map4k2
ENSMUSG00000099230.1	Mir6989
ENSMUSG00000079467.8	Gm14966
ENSMUSG00000024949.17	Sf1
ENSMUSG00000032648.14	Pygm
ENSMUSG00000032946.16	Rasgrp2
ENSMUSG00000084876.7	Gm14965
ENSMUSG00000033768.16	Nrxn2
ENSMUSG00000052188.6	Gm14964
ENSMUSG00000061742.11	Slc22a12
ENSMUSG00000085694.1	Gm14967
ENSMUSG00000092802.1	Gm26460
ENSMUSG00000084221.1	Hmgb1-ps4
ENSMUSG00000084825.1	2410152P15Rik
ENSMUSG00000085285.1	Gm14968
ENSMUSG00000024952.12	Rps6ka4
ENSMUSG00000104884.1	Mir5046
ENSMUSG00000047810.8	Ccdc88b
ENSMUSG00000024953.16	Prdx5
ENSMUSG00000038812.16	Trmt112
ENSMUSG00000024955.13	Esrra
ENSMUSG00000098413.1	Mir6990
ENSMUSG00000050623.4	Catsperz
ENSMUSG00000024957.8	Kcnk4
ENSMUSG00000024958.12	Gpr137
ENSMUSG00000024959.13	Bad
ENSMUSG00000024960.8	Plcb3
ENSMUSG00000056612.6	Ppp1r14b
ENSMUSG00000056629.15	Fkbp2
ENSMUSG00000024962.13	Vegfb
ENSMUSG00000024963.11	Dnajc4
ENSMUSG00000037349.9	Nudt22
ENSMUSG00000047656.8	Trpt1
ENSMUSG00000024965.8	Fermt3
ENSMUSG00000024966.8	Stip1
ENSMUSG00000036278.6	Macrod1
ENSMUSG00000047787.7	Flrt1
ENSMUSG00000024767.11	Otub1
ENSMUSG00000035885.4	Cox8a
ENSMUSG00000024764.9	Naa40
ENSMUSG00000096774.1	Gm22113
ENSMUSG00000088680.1	Gm23997
ENSMUSG00000024968.13	Rcor2
ENSMUSG00000024969.15	Mark2
ENSMUSG00000091558.1	Gm17227
ENSMUSG00000024970.4	Spindoc
ENSMUSG00000099923.1	1700105P06Rik
ENSMUSG00000095690.1	Rab11b-ps2
ENSMUSG00000053080.10	2700081O15Rik
ENSMUSG00000098293.1	Mir6991
ENSMUSG00000024758.14	Rtn3
ENSMUSG00000024759.13	Atl3
ENSMUSG00000060675.13	Pla2g16
ENSMUSG00000024972.16	Lgals12
ENSMUSG00000024973.16	Hrasls5
ENSMUSG00000024761.2	Gm16437
ENSMUSG00000024757.7	Slc22a19
ENSMUSG00000083160.1	Gm15967
ENSMUSG00000081596.1	Gm15968
ENSMUSG00000053303.14	Slc22a26
ENSMUSG00000067656.13	Slc22a27
ENSMUSG00000076136.1	Gm24951
ENSMUSG00000063590.3	Slc22a28
ENSMUSG00000075044.12	Slc22a29
ENSMUSG00000052562.15	Slc22a30
ENSMUSG00000110298.1	Gm8189
ENSMUSG00000086174.1	Gm6425
ENSMUSG00000063796.8	Slc22a8
ENSMUSG00000024650.4	Slc22a6
ENSMUSG00000032773.9	Chrm1
ENSMUSG00000087830.1	Gm22820
ENSMUSG00000010095.13	Slc3a2
ENSMUSG00000108414.1	Snhg1
ENSMUSG00000064721.4	Gm25855
ENSMUSG00000065392.1	Gm25894
ENSMUSG00000065281.1	Gm24452
ENSMUSG00000065280.1	Gm24453
ENSMUSG00000065378.1	Gm22744
ENSMUSG00000065782.1	Gm22680
ENSMUSG00000065305.1	Gm23246
ENSMUSG00000065087.1	Snord22
ENSMUSG00000042729.10	Wdr74
ENSMUSG00000110423.1	Gm45736
ENSMUSG00000090840.2	1700092M07Rik
ENSMUSG00000010110.17	Stx5a
ENSMUSG00000098844.1	Mir6992
ENSMUSG00000010097.14	Nxf1
ENSMUSG00000003680.15	Taf6l
ENSMUSG00000071662.3	Polr2g
ENSMUSG00000071661.6	Zbtb3
ENSMUSG00000071660.10	Ttc9c
ENSMUSG00000071659.3	Hnrnpul2
ENSMUSG00000071658.4	Gng3
ENSMUSG00000071657.12	Bscl2
ENSMUSG00000071656.6	Lrrn4cl
ENSMUSG00000071655.11	Ubxn1
ENSMUSG00000071654.5	Uqcc3
ENSMUSG00000096740.8	Lbhd1
ENSMUSG00000116166.1	Gm49403
ENSMUSG00000070167.1	Snora57
ENSMUSG00000093314.1	Mir5136
ENSMUSG00000071653.9	1810009A15Rik
ENSMUSG00000116347.1	Gm49416
ENSMUSG00000071652.7	Ints5
ENSMUSG00000071650.5	Ganab
ENSMUSG00000071649.5	B3gat3
ENSMUSG00000071648.3	Rom1
ENSMUSG00000071647.5	Eml3
ENSMUSG00000114220.1	Gm10353
ENSMUSG00000071646.9	Mta2
ENSMUSG00000071645.5	Tut1
ENSMUSG00000071644.10	Eef1g
ENSMUSG00000069833.12	Ahnak
ENSMUSG00000024653.2	Scgb1a1
ENSMUSG00000024654.8	Asrgl1
ENSMUSG00000024658.7	Gm9750
ENSMUSG00000077055.1	Gm24543
ENSMUSG00000067608.4	Pcna-ps2
ENSMUSG00000101398.1	Gm2617
ENSMUSG00000071640.3	Stxbp3-ps
ENSMUSG00000096818.2	Gm29231
ENSMUSG00000100141.1	Gm6445
ENSMUSG00000096872.2	Scgb2a2
ENSMUSG00000076370.1	Gm22369
ENSMUSG00000024660.8	Incenp
ENSMUSG00000080659.1	Gm24484
ENSMUSG00000024661.6	Fth1
ENSMUSG00000037418.5	Best1
ENSMUSG00000024663.17	Rab3il1
ENSMUSG00000024664.4	Fads3
ENSMUSG00000024665.7	Fads2
ENSMUSG00000010663.4	Fads1
ENSMUSG00000098363.1	Mir6993
ENSMUSG00000064032.2	Gm10143
ENSMUSG00000024742.15	Fen1
ENSMUSG00000036372.14	Tmem258
ENSMUSG00000036098.15	Myrf
ENSMUSG00000035735.10	Dagla
ENSMUSG00000024743.15	Syt7
ENSMUSG00000097862.1	Gm26859
ENSMUSG00000090291.2	Lrrc10b
ENSMUSG00000035179.3	Ppp1r32
ENSMUSG00000024668.7	Sdhaf2
ENSMUSG00000034820.3	Cpsf7
ENSMUSG00000024667.11	Tmem216
ENSMUSG00000024666.5	Tmem138
ENSMUSG00000034445.7	Cyb561a3
ENSMUSG00000034371.8	Tkfc
ENSMUSG00000024740.9	Ddb1
ENSMUSG00000043789.7	Vwce
ENSMUSG00000024738.6	Pga5
ENSMUSG00000114772.1	2210404E10Rik
ENSMUSG00000048832.8	Vps37c
ENSMUSG00000024669.7	Cd5
ENSMUSG00000067577.8	A430093F15Rik
ENSMUSG00000024670.16	Cd6
ENSMUSG00000024737.2	Slc15a3
ENSMUSG00000024736.14	Tmem132a
ENSMUSG00000034659.14	Tmem109
ENSMUSG00000024735.13	Prpf19
ENSMUSG00000024734.8	Zp1
ENSMUSG00000034117.3	Ptgdr2
ENSMUSG00000024732.7	Ccdc86
ENSMUSG00000024731.15	Ms4a10
ENSMUSG00000067571.4	Ms4a15
ENSMUSG00000094584.2	Ms4a18
ENSMUSG00000101264.1	Gm28347
ENSMUSG00000075010.4	AW112010
ENSMUSG00000024730.7	Ms4a8a
ENSMUSG00000101439.1	Gm336
ENSMUSG00000024729.7	1700017D01Rik
ENSMUSG00000099998.1	Gm6501
ENSMUSG00000024728.13	1700025F22Rik
ENSMUSG00000057240.14	Ms4a13
ENSMUSG00000097091.1	4930526L06Rik
ENSMUSG00000101031.1	Ms4a12
ENSMUSG00000024673.9	Ms4a1
ENSMUSG00000054523.13	Ms4a5
ENSMUSG00000099398.1	Ms4a14
ENSMUSG00000024672.11	Ms4a7
ENSMUSG00000100392.1	Gm28935
ENSMUSG00000101389.1	Ms4a4a
ENSMUSG00000101024.1	Gm5692
ENSMUSG00000024675.19	Ms4a4c
ENSMUSG00000100615.1	Gm5511
ENSMUSG00000056290.15	Ms4a4b
ENSMUSG00000103126.2	Gm37387
ENSMUSG00000079419.4	Ms4a6c
ENSMUSG00000099757.1	BE692007
ENSMUSG00000058470.10	Gm8369
ENSMUSG00000100529.1	Gm19261
ENSMUSG00000024677.13	Ms4a6b
ENSMUSG00000024678.6	Ms4a4d
ENSMUSG00000067555.2	Gm10212
ENSMUSG00000104088.1	Gm38275
ENSMUSG00000024679.10	Ms4a6d
ENSMUSG00000088598.1	Gm24599
ENSMUSG00000024680.12	Ms4a2
ENSMUSG00000024681.11	Ms4a3
ENSMUSG00000055895.6	Oosp2
ENSMUSG00000041857.10	Oosp1
ENSMUSG00000088310.1	Gm26183
ENSMUSG00000089625.1	Gm25443
ENSMUSG00000055933.13	Oosp3
ENSMUSG00000100918.1	Gm19224
ENSMUSG00000024682.3	Gif
ENSMUSG00000024683.5	Mrpl16
ENSMUSG00000041488.16	Stx3
ENSMUSG00000048292.3	Olfr1417
ENSMUSG00000060556.4	Olfr1418
ENSMUSG00000108966.1	Gm45119
ENSMUSG00000067545.3	Olfr1419
ENSMUSG00000051548.4	Gm6365
ENSMUSG00000060878.4	Olfr1420
ENSMUSG00000046139.7	Patl1
ENSMUSG00000104979.1	Mir6994
ENSMUSG00000077227.1	Gm22272
ENSMUSG00000024687.10	Osbp
ENSMUSG00000109030.1	Olfr1421-ps1
ENSMUSG00000109047.1	Gm45115
ENSMUSG00000108947.1	Olfr1422-ps1
ENSMUSG00000109223.1	Gm45116
ENSMUSG00000067529.2	Olfr1423
ENSMUSG00000109417.1	Gm44859
ENSMUSG00000067528.3	Olfr1424
ENSMUSG00000067526.3	Olfr1425
ENSMUSG00000044994.10	Olfr1426
ENSMUSG00000067525.3	Olfr1427
ENSMUSG00000067524.4	Olfr1428
ENSMUSG00000067522.3	Olfr76
ENSMUSG00000108889.2	Olfr1555-ps1
ENSMUSG00000109410.1	Olfr1430-ps1
ENSMUSG00000094133.2	Olfr1431
ENSMUSG00000109022.2	Olfr1432
ENSMUSG00000067519.1	Olfr262
ENSMUSG00000097646.1	Gm26864
ENSMUSG00000060049.5	Olfr235
ENSMUSG00000095640.4	Olfr1434
ENSMUSG00000109433.1	Olfr1435-ps1
ENSMUSG00000067513.1	Olfr1436
ENSMUSG00000109229.1	Gm44858
ENSMUSG00000096436.3	Olfr1437
ENSMUSG00000109328.2	Olfr1438-ps1
ENSMUSG00000109007.1	Olfr1439-ps1
ENSMUSG00000046650.4	Olfr1440
ENSMUSG00000050815.6	Olfr1441
ENSMUSG00000040065.8	Pfpl
ENSMUSG00000046805.9	Mpeg1
ENSMUSG00000039982.7	Dtx4
ENSMUSG00000086213.2	A330040F15Rik
ENSMUSG00000114644.1	Gm47243
ENSMUSG00000111118.1	Gm6545
ENSMUSG00000114761.1	Gm47242
ENSMUSG00000024691.13	Fam111a
ENSMUSG00000084836.1	Gm16274
ENSMUSG00000071633.11	Gm4952
ENSMUSG00000063683.12	Glyat
ENSMUSG00000065892.1	Gm24521
ENSMUSG00000044441.5	Olfr1442
ENSMUSG00000045030.8	Olfr1443
ENSMUSG00000109309.1	AC150901.1
ENSMUSG00000024694.9	Keg1
ENSMUSG00000084981.7	Gm15962
ENSMUSG00000079415.2	Cntf
ENSMUSG00000024695.15	Zfp91
ENSMUSG00000024696.8	Lpxn
ENSMUSG00000091014.2	Gm5244
ENSMUSG00000046272.4	Olfr1444
ENSMUSG00000045126.2	Olfr1445
ENSMUSG00000057817.6	Olfr1446
ENSMUSG00000060303.4	Olfr1447
ENSMUSG00000112693.1	Gm5512
ENSMUSG00000048456.3	Olfr1448
ENSMUSG00000049498.5	Olfr1449
ENSMUSG00000062892.4	Olfr1450
ENSMUSG00000046913.3	Olfr1451
ENSMUSG00000109148.1	Olfr1452-ps1
ENSMUSG00000094755.1	Olfr1453
ENSMUSG00000094986.3	Olfr1454
ENSMUSG00000109126.1	Olfr1455-ps1
ENSMUSG00000067482.2	Olfr1456-ps1
ENSMUSG00000061637.5	Olfr1457
ENSMUSG00000062844.6	Olfr1458
ENSMUSG00000057503.6	Olfr1459
ENSMUSG00000109415.1	Olfr1460-ps1
ENSMUSG00000045883.5	Olfr1461
ENSMUSG00000094721.3	Olfr1462
ENSMUSG00000096365.4	Olfr1463
ENSMUSG00000109100.1	Olfr1464-ps1
ENSMUSG00000064824.1	Gm22443
ENSMUSG00000062199.2	Olfr1465
ENSMUSG00000096485.3	Olfr1466
ENSMUSG00000049015.3	Olfr1467
ENSMUSG00000109544.2	Olfr1468-ps1
ENSMUSG00000108881.1	Gm44849
ENSMUSG00000063777.3	Olfr1469
ENSMUSG00000109230.1	Olfr1470-ps1
ENSMUSG00000096320.2	Olfr1471
ENSMUSG00000095189.2	Olfr1472
ENSMUSG00000109573.1	Olfr1473-ps1
ENSMUSG00000096273.3	Olfr1474
ENSMUSG00000096708.1	Olfr1475
ENSMUSG00000109189.1	Olfr1476-ps1
ENSMUSG00000071629.3	Olfr1477
ENSMUSG00000109184.1	Olfr1478-ps1
ENSMUSG00000108887.1	Olfr1479-ps1
ENSMUSG00000095484.4	Olfr1480
ENSMUSG00000108945.1	Olfr1481-ps1
ENSMUSG00000109319.1	Olfr1482-ps1
ENSMUSG00000108974.1	Olfr1483-ps1
ENSMUSG00000096289.4	Olfr1484
ENSMUSG00000109496.1	Olfr1485-ps1
ENSMUSG00000109343.1	Olfr1486-ps1
ENSMUSG00000094077.1	Gm22323
ENSMUSG00000096298.1	Gm23931
ENSMUSG00000094846.4	Olfr1487
ENSMUSG00000109285.1	Olfr1488-ps1
ENSMUSG00000045678.8	Olfr1489
ENSMUSG00000077291.1	Gm24124
ENSMUSG00000061387.3	Olfr1490
ENSMUSG00000051156.2	Olfr1491
ENSMUSG00000109527.1	Olfr1492-ps1
ENSMUSG00000109520.2	Olfr1493-ps1
ENSMUSG00000050865.5	Olfr1494
ENSMUSG00000047207.3	Olfr1495
ENSMUSG00000048356.6	Olfr1496
ENSMUSG00000044040.3	Olfr1497
ENSMUSG00000109530.1	Olfr1498-ps1
ENSMUSG00000045395.4	Olfr1499
ENSMUSG00000054526.5	Olfr1500
ENSMUSG00000057270.3	Olfr1501
ENSMUSG00000056858.1	Olfr1502
ENSMUSG00000058078.8	Olfr1503-ps1
ENSMUSG00000059105.4	Olfr1504
ENSMUSG00000062314.3	Olfr1505
ENSMUSG00000098074.1	Gm26993
ENSMUSG00000024642.16	Tle4
ENSMUSG00000103488.1	Gm37997
ENSMUSG00000084675.1	Gm26026
ENSMUSG00000063586.1	Gm5513
ENSMUSG00000094850.1	Gm24319
ENSMUSG00000024640.9	Psat1
ENSMUSG00000090147.1	Gm3329
ENSMUSG00000041491.7	Cep78
ENSMUSG00000097557.1	C130060C02Rik
ENSMUSG00000024639.5	Gnaq
ENSMUSG00000057990.4	E030024N20Rik
ENSMUSG00000075268.2	Gm10819
ENSMUSG00000078528.2	Gm17068
ENSMUSG00000098718.1	Mir496b
ENSMUSG00000024697.3	Gna14
ENSMUSG00000046230.10	Vps13a
ENSMUSG00000114931.1	Gm32256
ENSMUSG00000046388.4	Gm9806
ENSMUSG00000056829.3	Foxb2
ENSMUSG00000039126.10	Prune2
ENSMUSG00000098298.1	Gm27970
ENSMUSG00000099316.1	Gm27796
ENSMUSG00000038843.17	Gcnt1
ENSMUSG00000024712.9	Rfk
ENSMUSG00000024713.15	Pcsk5
ENSMUSG00000088370.1	Gm22880
ENSMUSG00000076305.1	Gm23063
ENSMUSG00000076303.1	Gm23061
ENSMUSG00000024725.12	Ostf1
ENSMUSG00000080783.1	Gm8250
ENSMUSG00000037847.13	Nmrk1
ENSMUSG00000024726.9	Carnmt1
ENSMUSG00000047044.7	D030056L22Rik
ENSMUSG00000064941.1	Gm23238
ENSMUSG00000024727.8	Trpm6
ENSMUSG00000088601.1	Gm24190
ENSMUSG00000036192.15	Rorb
ENSMUSG00000088907.1	Gm25437
ENSMUSG00000064783.1	Gm22684
ENSMUSG00000024659.14	Anxa1
ENSMUSG00000094732.1	1500015L24Rik
ENSMUSG00000053279.7	Aldh1a1
ENSMUSG00000114469.1	C730002L08Rik
ENSMUSG00000047168.6	Gm6684
ENSMUSG00000024747.3	Aldh1a7
ENSMUSG00000024749.8	Tmc1
ENSMUSG00000024750.10	Zfand5
ENSMUSG00000058624.12	Gda
ENSMUSG00000079382.2	Gm3443
ENSMUSG00000035171.9	1110059E24Rik
ENSMUSG00000047368.3	Abhd17b
ENSMUSG00000024754.12	Tmem2
ENSMUSG00000045104.8	Gm5514
ENSMUSG00000052387.15	Trpm3
ENSMUSG00000088558.1	Gm22506
ENSMUSG00000098739.1	Gm27151
ENSMUSG00000065507.3	Mir204
ENSMUSG00000097930.1	C330002G04Rik
ENSMUSG00000044387.5	2410080I02Rik
ENSMUSG00000033863.1	Klf9
ENSMUSG00000080626.1	Mir1192
ENSMUSG00000024943.9	Smc5
ENSMUSG00000096249.1	Gm24263
ENSMUSG00000033207.6	Mamdc2
ENSMUSG00000033053.3	1700028P14Rik
ENSMUSG00000044424.3	Gm9493
ENSMUSG00000088027.1	Gm22144
ENSMUSG00000098010.1	Gm21542
ENSMUSG00000051255.5	Gm6563
ENSMUSG00000074925.3	Ptar1
ENSMUSG00000054178.1	Gm9938
ENSMUSG00000024897.8	Apba1
ENSMUSG00000071604.4	Fam189a2
ENSMUSG00000096796.1	1700021P04Rik
ENSMUSG00000024812.10	Tjp2
ENSMUSG00000059363.10	Fxn
ENSMUSG00000082107.1	Gm16216
ENSMUSG00000024867.14	Pip5k1b
ENSMUSG00000085003.1	Pip5k1bos
ENSMUSG00000074922.1	Fam122a
ENSMUSG00000048572.4	Tmem252
ENSMUSG00000041731.13	Pgm5
ENSMUSG00000097950.1	Gm17800
ENSMUSG00000058927.5	Gm10053
ENSMUSG00000051490.2	Foxd4
ENSMUSG00000024878.8	Cbwd1
ENSMUSG00000104890.1	Mir3084-1
ENSMUSG00000095097.1	Gm23658
ENSMUSG00000052085.6	Dock8
ENSMUSG00000065634.1	Gm24252
ENSMUSG00000032702.16	Kank1
ENSMUSG00000064843.1	Gm26207
ENSMUSG00000024837.15	Dmrt1
ENSMUSG00000042372.4	Dmrt3
ENSMUSG00000101089.1	2610016A17Rik
ENSMUSG00000048138.9	Dmrt2
ENSMUSG00000098105.1	Gm8825
ENSMUSG00000084589.1	Gm25176
ENSMUSG00000114682.1	Gm48775
ENSMUSG00000024921.17	Smarca2
ENSMUSG00000093628.1	Gm20616
ENSMUSG00000093772.1	4931403E22Rik
ENSMUSG00000074913.2	Gm815
ENSMUSG00000024924.14	Vldlr
ENSMUSG00000047298.3	Kcnv2
ENSMUSG00000041360.7	Pum3
ENSMUSG00000088266.1	Gm24782
ENSMUSG00000040929.16	Rfx3
ENSMUSG00000092617.1	Gm8412
ENSMUSG00000092182.1	Gm20407
ENSMUSG00000101084.1	Gm28228
ENSMUSG00000052942.13	Glis3
ENSMUSG00000089952.1	4933413C19Rik
ENSMUSG00000097735.7	D930032P07Rik
ENSMUSG00000067351.1	Rps15a-ps2
ENSMUSG00000090737.1	Gm6788
ENSMUSG00000098069.1	Gm26942
ENSMUSG00000024935.10	Slc1a1
ENSMUSG00000089993.1	Gm5822
ENSMUSG00000064202.15	4430402I18Rik
ENSMUSG00000040105.3	Plpp6
ENSMUSG00000024780.7	Cdc37l1
ENSMUSG00000063754.7	Gm10136
ENSMUSG00000024782.7	Ak3
ENSMUSG00000100075.1	1700018L02Rik
ENSMUSG00000024785.6	Rcl1
ENSMUSG00000065556.1	Mir101b
ENSMUSG00000068466.5	Gm5518
ENSMUSG00000024789.12	Jak2
ENSMUSG00000050957.4	Insl6
ENSMUSG00000039097.5	Rln1
ENSMUSG00000016495.12	Plgrkt
ENSMUSG00000016496.7	Cd274
ENSMUSG00000016498.9	Pdcd1lg2
ENSMUSG00000097855.7	A930007I19Rik
ENSMUSG00000038658.15	Ric1
ENSMUSG00000046324.12	Ermp1
ENSMUSG00000024806.3	Mlana
ENSMUSG00000046138.15	9930021J03Rik
ENSMUSG00000074909.4	Ranbp6
ENSMUSG00000024810.16	Il33
ENSMUSG00000087937.1	Gm26046
ENSMUSG00000024815.4	Trpd52l3
ENSMUSG00000024817.13	Uhrf2
ENSMUSG00000024827.9	Gldc
ENSMUSG00000058607.4	Rpl31-ps20
ENSMUSG00000024863.5	Mbl2
ENSMUSG00000093236.1	Gm24108
ENSMUSG00000089016.1	Gm24883
ENSMUSG00000058816.4	Ppp1r2-ps3
ENSMUSG00000024868.8	Dkk1
ENSMUSG00000052920.14	Prkg1
ENSMUSG00000084432.1	Gm23426
ENSMUSG00000053536.6	Cstf2t
ENSMUSG00000052595.7	A1cf
ENSMUSG00000114443.1	Gm19241
ENSMUSG00000024887.9	Asah2
ENSMUSG00000040451.17	Sgms1
ENSMUSG00000097787.1	2700046G09Rik
ENSMUSG00000062456.3	Rpl9-ps6
ENSMUSG00000024896.8	Minpp1
ENSMUSG00000024899.6	Papss2
ENSMUSG00000013662.5	Atad1
ENSMUSG00000013663.7	Pten
ENSMUSG00000084512.1	Gm22482
ENSMUSG00000071573.13	Rnls
ENSMUSG00000106278.1	Mir3970
ENSMUSG00000087112.1	Gm7237
ENSMUSG00000086875.1	Lipo5
ENSMUSG00000079344.10	Lipo4
ENSMUSG00000024766.14	Lipo3
ENSMUSG00000098770.1	Gm27440
ENSMUSG00000086812.1	Gm8978
ENSMUSG00000085924.1	Gm8980
ENSMUSG00000087303.2	Lipo2
ENSMUSG00000079342.11	Lipo1
ENSMUSG00000037603.6	Gm5519
ENSMUSG00000085934.1	Gm8988
ENSMUSG00000065380.1	Gm23095
ENSMUSG00000024768.5	Lipf
ENSMUSG00000024771.7	Lipk
ENSMUSG00000024770.14	Lipn
ENSMUSG00000080678.1	Gm23334
ENSMUSG00000056078.5	Lipm
ENSMUSG00000024774.15	Ankrd22
ENSMUSG00000024776.17	Stambpl1
ENSMUSG00000035783.8	Acta2
ENSMUSG00000024778.12	Fas
ENSMUSG00000098670.1	Gm27818
ENSMUSG00000076300.1	Gm23060
ENSMUSG00000050370.4	Ch25h
ENSMUSG00000097558.1	Gm26902
ENSMUSG00000024781.15	Lipa
ENSMUSG00000045932.12	Ifit2
ENSMUSG00000074896.3	Ifit3
ENSMUSG00000079339.6	Ifit1bl1
ENSMUSG00000062488.9	Ifit3b
ENSMUSG00000067297.4	Ifit1bl2
ENSMUSG00000034459.8	Ifit1
ENSMUSG00000009378.3	Slc16a12
ENSMUSG00000098742.1	Gm27476
ENSMUSG00000088212.1	Gm22082
ENSMUSG00000033610.15	Pank1
ENSMUSG00000065594.1	Mir107
ENSMUSG00000024795.11	Kif20b
ENSMUSG00000089151.1	Mir1950
ENSMUSG00000101966.1	Gm5248
ENSMUSG00000089087.1	Gm24006
ENSMUSG00000093373.1	Gm23075
ENSMUSG00000092715.1	Gm22853
ENSMUSG00000077205.1	Gm25611
ENSMUSG00000094707.1	A830019P07Rik
ENSMUSG00000024798.15	Htr7
ENSMUSG00000024800.7	Rpp30
ENSMUSG00000024803.8	Ankrd1
ENSMUSG00000114859.1	Gm47735
ENSMUSG00000024805.16	Pcgf5
ENSMUSG00000114285.1	Gm47773
ENSMUSG00000087783.1	Gm23170
ENSMUSG00000114409.1	Gm9042
ENSMUSG00000114235.1	F530104D19Rik
ENSMUSG00000041180.13	Hectd2
ENSMUSG00000087579.7	Hectd2os
ENSMUSG00000067279.2	Ppp1r3c
ENSMUSG00000024811.11	Tnks2
ENSMUSG00000047632.10	Fgfbp3
ENSMUSG00000040565.7	Btaf1
ENSMUSG00000039652.16	Cpeb3
ENSMUSG00000080544.1	Gm22714
ENSMUSG00000097591.1	A330032B11Rik
ENSMUSG00000092994.1	Gm23918
ENSMUSG00000023307.13	March5
ENSMUSG00000089143.2	Gm25268
ENSMUSG00000056999.14	Ide
ENSMUSG00000080885.1	Rpl10-ps6
ENSMUSG00000012443.3	Kif11
ENSMUSG00000102353.1	Gm38345
ENSMUSG00000024986.11	Hhex
ENSMUSG00000089397.1	Gm23026
ENSMUSG00000053799.6	Exoc6
ENSMUSG00000062432.4	Cyp26c1
ENSMUSG00000024987.5	Cyp26a1
ENSMUSG00000048612.16	Myof
ENSMUSG00000069554.4	I830134H01Rik
ENSMUSG00000024989.14	Cep55
ENSMUSG00000064646.1	Gm23300
ENSMUSG00000054200.6	Ffar4
ENSMUSG00000024990.12	Rbp4
ENSMUSG00000024992.13	Pde6c
ENSMUSG00000054237.5	Fra10ac1
ENSMUSG00000067242.11	Lgi1
ENSMUSG00000105709.1	Gm42723
ENSMUSG00000044026.2	Slc35g1
ENSMUSG00000088940.1	Gm24930
ENSMUSG00000024998.17	Plce1
ENSMUSG00000101079.1	Gm28991
ENSMUSG00000024999.7	Noc3l
ENSMUSG00000048720.7	Tbc1d12
ENSMUSG00000089545.1	Gm25838
ENSMUSG00000025001.11	Hells
ENSMUSG00000114610.1	Cyp2c52-ps
ENSMUSG00000025002.5	Cyp2c55
ENSMUSG00000093303.1	Gm23800
ENSMUSG00000067231.4	Cyp2c65
ENSMUSG00000067229.3	Cyp2c66
ENSMUSG00000093610.7	Cyp2c53-ps
ENSMUSG00000003053.17	Cyp2c29
ENSMUSG00000032808.2	Cyp2c38
ENSMUSG00000025003.6	Cyp2c39
ENSMUSG00000062624.5	Cyp2c67
ENSMUSG00000074882.3	Cyp2c68
ENSMUSG00000025004.15	Cyp2c40
ENSMUSG00000092008.1	Cyp2c69
ENSMUSG00000042248.4	Cyp2c37
ENSMUSG00000067225.1	Cyp2c54
ENSMUSG00000054827.12	Cyp2c50
ENSMUSG00000060613.10	Cyp2c70
ENSMUSG00000098091.1	Gm16470
ENSMUSG00000055044.12	Pdlim1
ENSMUSG00000025006.16	Sorbs1
ENSMUSG00000114796.1	A930028N01Rik
ENSMUSG00000025007.13	Aldh18a1
ENSMUSG00000096592.1	Gm15801
ENSMUSG00000097792.1	Gm27042
ENSMUSG00000025008.15	Tctn3
ENSMUSG00000048120.16	Entpd1
ENSMUSG00000090041.1	Gm16027
ENSMUSG00000094388.1	Gm8783
ENSMUSG00000108929.2	Cc2d2b
ENSMUSG00000025010.13	Ccnj
ENSMUSG00000097740.1	E030044B06Rik
ENSMUSG00000099118.1	Mir8092
ENSMUSG00000049164.6	Zfp518a
ENSMUSG00000061132.13	Blnk
ENSMUSG00000025014.12	Dntt
ENSMUSG00000050121.8	Opalin
ENSMUSG00000025013.14	Tll2
ENSMUSG00000025016.10	Tm9sf3
ENSMUSG00000025017.9	Pik3ap1
ENSMUSG00000044065.3	Gm9788
ENSMUSG00000025019.15	Lcor
ENSMUSG00000090673.1	Gm340
ENSMUSG00000098286.1	Mir8091
ENSMUSG00000074873.3	AI606181
ENSMUSG00000025020.11	Slit1
ENSMUSG00000088220.1	Gm22601
ENSMUSG00000025154.14	Arhgap19
ENSMUSG00000067199.4	Frat1
ENSMUSG00000047604.3	Frat2
ENSMUSG00000035049.3	Rrp12
ENSMUSG00000011752.6	Pgam1
ENSMUSG00000034321.13	Exosc1
ENSMUSG00000025157.8	Zdhhc16
ENSMUSG00000025159.8	Mms19
ENSMUSG00000089102.1	Gm23113
ENSMUSG00000025171.1	Ubtd1
ENSMUSG00000025172.2	Ankrd2
ENSMUSG00000025176.14	Hoga1
ENSMUSG00000090369.3	4933411K16Rik
ENSMUSG00000049670.8	Morn4
ENSMUSG00000025178.8	Pi4k2a
ENSMUSG00000018821.3	Avpi1
ENSMUSG00000044345.9	Marveld1
ENSMUSG00000018820.13	Zfyve27
ENSMUSG00000018822.7	Sfrp5
ENSMUSG00000042532.14	Golga7b
ENSMUSG00000076323.1	Gm26339
ENSMUSG00000093234.1	Mir3085
ENSMUSG00000042401.6	Crtac1
ENSMUSG00000025184.10	R3hcc1l
ENSMUSG00000090117.7	Gm16541
ENSMUSG00000025185.14	Loxl4
ENSMUSG00000077768.1	Gm25216
ENSMUSG00000060224.3	Pyroxd2
ENSMUSG00000025188.15	Hps1
ENSMUSG00000090235.1	Gm16244
ENSMUSG00000074852.3	Hpse2
ENSMUSG00000089377.1	Gm22135
ENSMUSG00000047509.1	Gm6776
ENSMUSG00000114742.1	Gm47936
ENSMUSG00000025189.9	Cnnm1
ENSMUSG00000114721.1	Gm47938
ENSMUSG00000025190.13	Got1
ENSMUSG00000092250.1	Gm20467
ENSMUSG00000044220.13	Nkx2-3
ENSMUSG00000092871.1	Gm22646
ENSMUSG00000040414.7	Slc25a28
ENSMUSG00000025192.13	Entpd7
ENSMUSG00000040018.9	Cox15
ENSMUSG00000025193.14	Cutc
ENSMUSG00000025194.5	Abcc2
ENSMUSG00000025195.9	Dnmbp
ENSMUSG00000088490.1	Gm24400
ENSMUSG00000084641.1	n-R5s21
ENSMUSG00000025196.4	Cpn1
ENSMUSG00000025197.9	Cyp2c23
ENSMUSG00000025198.16	Erlin1
ENSMUSG00000025199.16	Chuk
ENSMUSG00000025200.6	Cwf19l1
ENSMUSG00000077391.1	Gm24336
ENSMUSG00000057506.4	Bloc1s2
ENSMUSG00000037578.4	Pkd2l1
ENSMUSG00000025202.7	Scd3
ENSMUSG00000025203.5	Scd2
ENSMUSG00000093315.1	Mir5114
ENSMUSG00000050195.8	Scd4
ENSMUSG00000037071.2	Scd1
ENSMUSG00000036961.4	Wnt8b
ENSMUSG00000051984.13	Sec31b
ENSMUSG00000091471.1	Gm20538
ENSMUSG00000025204.10	Ndufb8
ENSMUSG00000036450.4	Hif1an
ENSMUSG00000097683.1	Gm26644
ENSMUSG00000004231.15	Pax2
ENSMUSG00000092469.1	Gm20395
ENSMUSG00000098952.1	Mir6405
ENSMUSG00000092369.1	1700039E22Rik
ENSMUSG00000036097.7	Slf2
ENSMUSG00000065159.1	Gm25482
ENSMUSG00000025207.15	Sema4g
ENSMUSG00000025208.8	Mrpl43
ENSMUSG00000025209.4	Twnk
ENSMUSG00000035342.13	Lzts2
ENSMUSG00000074818.12	Pdzd7
ENSMUSG00000025212.16	Sfxn3
ENSMUSG00000025213.11	Kazald1
ENSMUSG00000025215.10	Tlx1
ENSMUSG00000092346.1	Tlx1os
ENSMUSG00000025216.9	Lbx1
ENSMUSG00000100618.1	Gm29595
ENSMUSG00000099440.1	Gm29593
ENSMUSG00000102057.1	Gm29594
ENSMUSG00000100417.1	Gm28578
ENSMUSG00000114673.1	1700016H03Rik
ENSMUSG00000025217.15	Btrc
ENSMUSG00000057605.4	Gm6807
ENSMUSG00000025218.6	Poll
ENSMUSG00000041035.8	Gm17018
ENSMUSG00000040913.10	Fbxw4
ENSMUSG00000025219.13	Fgf8
ENSMUSG00000056209.7	Npm3
ENSMUSG00000087367.1	Gm15491
ENSMUSG00000025220.7	Mgea5
ENSMUSG00000025221.15	Kcnip2
ENSMUSG00000039901.9	Armh3
ENSMUSG00000097690.1	4930505N22Rik
ENSMUSG00000074811.2	Hps6
ENSMUSG00000025223.14	Ldb1
ENSMUSG00000055491.13	Pprc1
ENSMUSG00000015176.10	Nolc1
ENSMUSG00000038754.4	Elovl3
ENSMUSG00000025229.15	Pitx3
ENSMUSG00000025224.15	Gbf1
ENSMUSG00000093525.1	Gm8974
ENSMUSG00000086816.1	Gm16726
ENSMUSG00000025225.14	Nfkb2
ENSMUSG00000037126.16	Psd
ENSMUSG00000025226.11	Fbxl15
ENSMUSG00000036748.15	Cuedc2
ENSMUSG00000096996.1	Gm26792
ENSMUSG00000025227.14	Mfsd13a
ENSMUSG00000070127.2	Mir146b
ENSMUSG00000099655.2	2310034G01Rik
ENSMUSG00000065204.1	Gm24610
ENSMUSG00000025228.4	Actr1a
ENSMUSG00000025231.16	Sufu
ENSMUSG00000025034.8	Trim8
ENSMUSG00000025035.8	Arl3
ENSMUSG00000025036.6	Sfxn2
ENSMUSG00000047731.17	Wbp1l
ENSMUSG00000003555.7	Cyp17a1
ENSMUSG00000097937.1	Gm6967
ENSMUSG00000062376.7	Borcs7
ENSMUSG00000003559.7	As3mt
ENSMUSG00000064105.12	Cnnm2
ENSMUSG00000025041.16	Nt5c2
ENSMUSG00000034336.3	Ina
ENSMUSG00000025050.7	Pcgf6
ENSMUSG00000094400.1	Gm23140
ENSMUSG00000025049.5	Taf5
ENSMUSG00000071528.3	Usmg5
ENSMUSG00000025047.8	Pdcd11
ENSMUSG00000033033.10	Calhm2
ENSMUSG00000079258.1	Calhm1
ENSMUSG00000094219.1	Calhm3
ENSMUSG00000091230.1	Gm6970
ENSMUSG00000006435.15	Neurl1a
ENSMUSG00000053617.11	Sh3pxd2a
ENSMUSG00000098786.1	Mir6995
ENSMUSG00000042694.17	Stn1
ENSMUSG00000097990.1	Gm19557
ENSMUSG00000025060.14	Slk
ENSMUSG00000086121.1	Gm16068
ENSMUSG00000025064.14	Col17a1
ENSMUSG00000088525.1	Gm26085
ENSMUSG00000096704.1	Gm24805
ENSMUSG00000025066.9	Sfr1
ENSMUSG00000044948.16	Cfap43
ENSMUSG00000099069.1	Mir8090
ENSMUSG00000025068.7	Gsto1
ENSMUSG00000025069.14	Gsto2
ENSMUSG00000092966.1	Gm22240
ENSMUSG00000046585.8	Cfap58
ENSMUSG00000063434.5	Sorcs3
ENSMUSG00000089004.1	Gm23857
ENSMUSG00000098507.1	Gm27935
ENSMUSG00000062083.1	Rpl13a-ps1
ENSMUSG00000043531.16	Sorcs1
ENSMUSG00000098916.1	Gm27749
ENSMUSG00000110007.1	Gm45352
ENSMUSG00000097446.1	Gm26629
ENSMUSG00000089094.1	Gm25659
ENSMUSG00000065143.1	Gm25644
ENSMUSG00000097719.1	Rpl31-ps18
ENSMUSG00000035804.4	Ins1
ENSMUSG00000025027.17	Xpnpep1
ENSMUSG00000098730.1	Mir6407
ENSMUSG00000099988.6	1700054A03Rik
ENSMUSG00000025026.14	Add3
ENSMUSG00000088855.1	Gm24724
ENSMUSG00000025025.13	Mxi1
ENSMUSG00000067085.1	Gm10197
ENSMUSG00000025024.6	Smndc1
ENSMUSG00000097636.7	Mirt1
ENSMUSG00000097779.1	4833407H14Rik
ENSMUSG00000034765.6	Dusp5
ENSMUSG00000071497.3	Nutf2-ps1
ENSMUSG00000024974.10	Smc3
ENSMUSG00000043639.14	Rbm20
ENSMUSG00000089807.1	Gm16298
ENSMUSG00000089679.1	Gm16299
ENSMUSG00000024975.12	Pdcd4
ENSMUSG00000084957.2	Bbip1
ENSMUSG00000024976.13	Shoc2
ENSMUSG00000033717.5	Adra2a
ENSMUSG00000024978.10	Gpam
ENSMUSG00000024979.13	Tectb
ENSMUSG00000098289.1	Mir6715
ENSMUSG00000055523.6	Gucy2g
ENSMUSG00000024981.6	Acsl5
ENSMUSG00000024982.10	Zdhhc6
ENSMUSG00000024983.10	Vti1a
ENSMUSG00000097632.1	4930552P12Rik
ENSMUSG00000024985.18	Tcf7l2
ENSMUSG00000099746.1	Ppnr
ENSMUSG00000077223.1	Gm22271
ENSMUSG00000025075.14	Habp2
ENSMUSG00000049134.15	Nrap
ENSMUSG00000090990.1	Gm17197
ENSMUSG00000025076.9	Casp7
ENSMUSG00000035818.14	Plekhs1
ENSMUSG00000025077.13	Dclre1a
ENSMUSG00000025078.8	Nhlrc2
ENSMUSG00000035283.4	Adrb1
ENSMUSG00000067063.1	Gm6990
ENSMUSG00000035173.14	Ccdc186
ENSMUSG00000025081.13	Tdrd1
ENSMUSG00000025082.8	Vwa2
ENSMUSG00000025083.18	Afap1l2
ENSMUSG00000025085.16	Ablim1
ENSMUSG00000097785.1	B230217O12Rik
ENSMUSG00000033478.4	Fam160b1
ENSMUSG00000025086.12	Trub1
ENSMUSG00000097374.1	Gm26874
ENSMUSG00000054843.8	Atrnl1
ENSMUSG00000093757.1	Mir5623
ENSMUSG00000087002.1	Gm16277
ENSMUSG00000025089.15	Gfra1
ENSMUSG00000025090.8	Ccdc172
ENSMUSG00000100001.1	1810007D17Rik
ENSMUSG00000046008.7	Pnlip
ENSMUSG00000101088.6	1810018F18Rik
ENSMUSG00000042179.5	Pnliprp1
ENSMUSG00000025091.3	Pnliprp2
ENSMUSG00000026931.10	1700019N19Rik
ENSMUSG00000087956.1	Gm22561
ENSMUSG00000091410.1	Gm17150
ENSMUSG00000025092.6	Hspa12a
ENSMUSG00000092813.1	Mir3086
ENSMUSG00000048029.10	Eno4
ENSMUSG00000041362.16	Shtn1
ENSMUSG00000006270.7	Vax1
ENSMUSG00000040901.7	Kcnk18
ENSMUSG00000101630.1	Gm29261
ENSMUSG00000025094.7	Slc18a2
ENSMUSG00000074746.2	Pdzd8
ENSMUSG00000067038.5	Rps12-ps3
ENSMUSG00000110210.1	Gm33756
ENSMUSG00000087095.2	Emx2os
ENSMUSG00000043969.4	Emx2
ENSMUSG00000100119.1	2700089I24Rik
ENSMUSG00000090965.1	Gm17203
ENSMUSG00000040022.14	Rab11fip2
ENSMUSG00000091378.1	Gm4219
ENSMUSG00000053117.10	E330013P04Rik
ENSMUSG00000057858.7	Fam204a
ENSMUSG00000043623.7	4933412A08Rik
ENSMUSG00000099678.1	Gm28351
ENSMUSG00000045052.2	Prlhr
ENSMUSG00000033417.15	Cacul1
ENSMUSG00000092655.1	Gm25238
ENSMUSG00000072437.3	Nanos1
ENSMUSG00000024991.7	Eif3a
ENSMUSG00000105118.1	Mir3084-2
ENSMUSG00000095530.1	Snora19
ENSMUSG00000089598.1	Gm26158
ENSMUSG00000024993.15	Fam45a
ENSMUSG00000083036.1	Gm15959
ENSMUSG00000063698.9	Sfxn4
ENSMUSG00000024997.7	Prdx3
ENSMUSG00000003228.8	Grk5
ENSMUSG00000096578.1	Gm9529
ENSMUSG00000088894.1	Gm22520
ENSMUSG00000074733.14	Zfp950
ENSMUSG00000070263.1	Gm22365
ENSMUSG00000094649.1	Gm7102
ENSMUSG00000069475.1	Gm6020
ENSMUSG00000059326.6	Csf2ra
ENSMUSG00000095993.1	Gm21060
